var,weight
1,0.3215096
2,0.29691464
3,0.38157573
