var,weight
1,0.37052488
2,0.30603766
3,0.32343748
