var,weight
1,0.3079714
2,0.31275335
3,0.37927523
