var,weight
1,0.9999999
2,1.350771e-7
