var,weight
1,0.3221156
2,0.3073655
3,0.37051892
