var,weight
1,0.37135598
2,0.37175125
3,0.2568928
