var,weight
1,0.37368193
2,0.3728579
3,0.25346008
