var,weight
1,0.30790627
2,0.31271267
3,0.37938103
