var,weight
1,0.37283817
2,0.30460498
3,0.32255682
