var,weight
1,0.98304015
2,0.016959812
