var,weight
1,0.31762752
2,0.37318665
3,0.30918586
