var,weight
1,0.4356887
2,0.35104206
3,0.2132692
