var,weight
1,0.311262
2,0.34825674
3,0.3404812
