var,weight
1,0.26355642
2,0.36542273
3,0.37102085
