var,weight
1,0.954797
2,0.045202997
