var,weight
1,0.31148666
2,0.35056862
3,0.33794475
