var,weight
1,0.35417855
2,0.30518442
3,0.340637
