var,weight
1,0.2301849
2,0.4012603
3,0.36855477
