var,weight
1,0.3261894
2,0.351672
3,0.32213855
