var,weight
1,0.31716523
2,0.37615073
3,0.30668408
