var,weight
1,0.32708013
2,0.35200176
3,0.3209181
