var,weight
1,0.35546955
2,0.30477092
3,0.33975953
