var,weight
1,0.23001634
2,0.39975646
3,0.3702272
